{
    "loss": 17.905729293823242,
    "accuracy": 0.40912121534347534
}