{
    "loss": 5.325187683105469,
    "accuracy": 0.7055214643478394
}